﻿Sex,DVRT,Educational_level,Leaving_Certificate,Prestige_score,Type_school,DVRT_binned,DVRT_Grade
male,113,Junior_cycle_incomplete-secondary_school,not_taken,28,secondary,4,Good
male,101,Primary_terminal_leaver,not_taken,28,primary_terminal_leaver,3,Average
male,110,Senior_cycle_terminal_leaver-secondary_school,taken,69,secondary,3,Average
male,121,Junior_cycle_terminal_leaver-secondary_school,not_taken,57,vocational,4,Good
male,82,Junior_cycle_terminal_leaver-vocational_school,not_taken,18,vocational,2,Poor
male,85,Junior_cycle_terminal_leaver-vocational_school,not_taken,28,vocational,2,Poor
male,84,Primary_terminal_leaver,not_taken,39,primary_terminal_leaver,2,Poor
male,98,Junior_cycle_incomplete-vocational_school,not_taken,43,vocational,3,Average
male,92,Junior_cycle_terminal_leaver-vocational_school,not_taken,33,vocational,2,Poor
male,90,Primary_terminal_leaver,not_taken,18,primary_terminal_leaver,2,Poor
male,88,Junior_cycle_terminal_leaver-vocational_school,not_taken,28,vocational,2,Poor
male,100,Junior_cycle_terminal_leaver-vocational_school,not_taken,18,vocational,3,Average
male,114,3rd_level_complete,taken,18,secondary,4,Good
male,70,Junior_cycle_terminal_leaver-vocational_school,not_taken,57,vocational,1,Very Poor
male,109,Senior_cycle_terminal_leaver-secondary_school,taken,40,secondary,3,Average
male,83,Primary_terminal_leaver,not_taken,43,primary_terminal_leaver,2,Poor
male,108,Junior_cycle_terminal_leaver-vocational_school,not_taken,69,vocational,3,Average
male,95,Junior_cycle_incomplete-secondary_school,not_taken,43,secondary,2,Poor
male,90,Junior_cycle_terminal_leaver-vocational_school,not_taken,28,vocational,2,Poor
male,107,Senior_cycle_terminal_leaver-secondary_school,taken,28,secondary,3,Average
male,86,Primary_terminal_leaver,not_taken,39,primary_terminal_leaver,2,Poor
male,70,Junior_cycle_incomplete-vocational_school,not_taken,43,vocational,1,Very Poor
male,114,Senior_cycle_terminal_leaver-secondary_school,taken,39,secondary,4,Good
male,117,Senior_cycle_terminal_leaver-secondary_school,taken,42,secondary,4,Good
male,112,Senior_cycle_terminal_leaver-secondary_school,taken,43,secondary,4,Good
male,88,3rd_level_complete,taken,39,secondary,2,Poor
male,106,3rd_level_complete,taken,42,secondary,3,Average
male,125,Senior_cycle_terminal_leaver-secondary_school,taken,28,secondary,4,Good
male,94,Senior_cycle_terminal_leaver-secondary_school,taken,39,secondary,2,Poor
male,103,Junior_cycle_terminal_leaver-secondary_school,not_taken,39,secondary,3,Average
male,123,Senior_cycle_terminal_leaver-secondary_school,taken,46,secondary,4,Good
male,100,Junior_cycle_terminal_leaver-vocational_school,not_taken,35,vocational,3,Average
male,90,Junior_cycle_incomplete-secondary_school,not_taken,39,secondary,2,Poor
male,70,Junior_cycle_terminal_leaver-vocational_school,not_taken,51,vocational,1,Very Poor
male,90,Junior_cycle_incomplete-secondary_school,not_taken,46,secondary,2,Poor
male,99,Junior_cycle_incomplete-secondary_school,not_taken,39,secondary,3,Average
male,123,Junior_cycle_incomplete-secondary_school,not_taken,43,secondary,4,Good
male,127,Senior_cycle_terminal_leaver-secondary_school,taken,43,secondary,5,Very Good
male,124,Senior_cycle_terminal_leaver-secondary_school,taken,62,secondary,4,Good
male,110,Senior_cycle_incomplete-vocational_school,not_taken,27,vocational,3,Average
male,94,Senior_cycle_terminal_leaver-secondary_school,taken,43,secondary,2,Poor
male,112,Senior_cycle_terminal_leaver-secondary_school,taken,40,secondary,4,Good
male,123,Senior_cycle_terminal_leaver-secondary_school,taken,35,secondary,4,Good
male,70,Junior_cycle_incomplete-secondary_school,not_taken,18,secondary,1,Very Poor
male,102,Junior_cycle_terminal_leaver-vocational_school,not_taken,43,vocational,3,Average
male,126,3rd_level_complete,taken,27,secondary,5,Very Good
male,121,Senior_cycle_terminal_leaver-secondary_school,taken,40,secondary,4,Good
male,100,Junior_cycle_incomplete-vocational_school,not_taken,43,vocational,3,Average
male,85,Junior_cycle_incomplete-vocational_school,not_taken,31,vocational,2,Poor
male,100,Junior_cycle_terminal_leaver-vocational_school,not_taken,31,vocational,3,Average
male,100,Junior_cycle_incomplete-vocational_school,not_taken,28,vocational,3,Average
male,91,Junior_cycle_terminal_leaver-secondary_school,not_taken,40,secondary,2,Poor
male,113,Senior_cycle_terminal_leaver-secondary_school,taken,43,secondary,4,Good
male,103,Junior_cycle_terminal_leaver-vocational_school,not_taken,33,vocational,3,Average
male,117,Senior_cycle_incomplete-secondary_school,not_taken,18,secondary,4,Good
male,72,Junior_cycle_incomplete-vocational_school,not_taken,43,vocational,1,Very Poor
male,70,Primary_terminal_leaver,not_taken,18,primary_terminal_leaver,1,Very Poor
male,112,Junior_cycle_incomplete-secondary_school,not_taken,18,secondary,4,Good
male,65,Primary_terminal_leaver,not_taken,18,primary_terminal_leaver,1,Very Poor
male,100,Junior_cycle_terminal_leaver-secondary_school,not_taken,35,secondary,3,Average
male,100,Junior_cycle_terminal_leaver-vocational_school,not_taken,43,vocational,3,Average
male,99,Junior_cycle_terminal_leaver-vocational_school,not_taken,18,vocational,3,Average
male,91,Junior_cycle_incomplete-vocational_school,not_taken,39,vocational,2,Poor
male,107,Senior_cycle_terminal_leaver-secondary_school,taken,43,secondary,3,Average
male,94,Junior_cycle_incomplete-vocational_school,not_taken,43,vocational,2,Poor
male,104,Junior_cycle_terminal_leaver-secondary_school,not_taken,39,secondary,3,Average
male,117,Senior_cycle_terminal_leaver-secondary_school,taken,39,secondary,4,Good
male,104,Junior_cycle_terminal_leaver-secondary_school,not_taken,43,secondary,3,Average
male,115,Junior_cycle_incomplete-vocational_school,not_taken,66,vocational,4,Good
female,123,Junior_cycle_incomplete-vocational_school,not_taken,35,vocational,4,Good
female,103,Junior_cycle_terminal_leaver-secondary_school,not_taken,43,secondary,3,Average
female,109,Junior_cycle_terminal_leaver-vocational_school,not_taken,43,vocational,3,Average
female,99,Junior_cycle_terminal_leaver-secondary_school,not_taken,61,secondary,3,Average
female,100,3rd_level_complete,taken,47,secondary,3,Average
female,100,Junior_cycle_terminal_leaver-secondary_school,not_taken,62,secondary,3,Average
female,107,Senior_cycle_terminal_leaver-secondary_school,taken,40,secondary,3,Average
female,70,Primary_terminal_leaver,not_taken,18,primary_terminal_leaver,1,Very Poor
female,91,Junior_cycle_terminal_leaver-secondary_school,not_taken,30,secondary,2,Poor
female,117,Senior_cycle_terminal_leaver-secondary_school,taken,43,secondary,4,Good
female,115,Senior_cycle_terminal_leaver-secondary_school,taken,57,secondary,4,Good
female,100,Junior_cycle_terminal_leaver-secondary_school,not_taken,43,secondary,3,Average
female,103,Senior_cycle_terminal_leaver-secondary_school,taken,30,secondary,3,Average
female,99,Junior_cycle_terminal_leaver-secondary_school,not_taken,57,secondary,3,Average
female,115,Junior_cycle_incomplete-secondary_school,not_taken,36,secondary,4,Good
female,104,Senior_cycle_terminal_leaver-secondary_school,taken,38,secondary,3,Average
female,116,Junior_cycle_terminal_leaver-secondary_school,not_taken,47,secondary,4,Good
female,94,Junior_cycle_incomplete-secondary_school,not_taken,51,secondary,2,Poor
female,114,3rd_level_complete,taken,43,secondary,4,Good
female,113,Junior_cycle_terminal_leaver-secondary_school,not_taken,18,secondary,4,Good
female,106,Junior_cycle_incomplete-vocational_school,not_taken,39,vocational,3,Average
female,119,Senior_cycle_terminal_leaver-secondary_school,taken,57,secondary,4,Good
female,114,Senior_cycle_terminal_leaver-secondary_school,taken,48,secondary,4,Good
female,108,Senior_cycle_terminal_leaver-secondary_school,taken,27,secondary,3,Average
female,97,Junior_cycle_incomplete-secondary_school,not_taken,46,secondary,3,Average
female,83,Primary_terminal_leaver,not_taken,28,primary_terminal_leaver,2,Poor
female,103,Junior_cycle_terminal_leaver-secondary_school,not_taken,43,secondary,3,Average
female,104,Junior_cycle_terminal_leaver-secondary_school,not_taken,64,secondary,3,Average
female,97,Junior_cycle_terminal_leaver-secondary_school,not_taken,18,secondary,3,Average
female,109,Junior_cycle_terminal_leaver-secondary_school,not_taken,69,secondary,3,Average
female,90,Junior_cycle_terminal_leaver-secondary_school,not_taken,39,secondary,2,Poor
female,100,Junior_cycle_incomplete-vocational_school,not_taken,28,vocational,3,Average
female,99,Junior_cycle_terminal_leaver-secondary_school,not_taken,38,secondary,3,Average
female,94,Senior_cycle_terminal_leaver-secondary_school,taken,39,secondary,2,Poor
female,86,Junior_cycle_terminal_leaver-secondary_school,not_taken,28,secondary,2,Poor
female,93,Senior_cycle_terminal_leaver-secondary_school,taken,35,secondary,2,Poor
female,91,Junior_cycle_incomplete-vocational_school,not_taken,28,vocational,2,Poor
female,100,Senior_cycle_incomplete-secondary_school,not_taken,40,secondary,3,Average
female,91,Junior_cycle_terminal_leaver-secondary_school,not_taken,28,secondary,2,Poor
female,100,Junior_cycle_terminal_leaver-vocational_school,not_taken,39,vocational,3,Average
female,109,Senior_cycle_terminal_leaver-secondary_school,taken,43,secondary,3,Average
female,111,Junior_cycle_terminal_leaver-secondary_school,not_taken,51,secondary,4,Good
female,111,Junior_cycle_terminal_leaver-secondary_school,not_taken,39,secondary,4,Good
female,106,Junior_cycle_terminal_leaver-vocational_school,not_taken,39,vocational,3,Average
female,100,Junior_cycle_terminal_leaver-vocational_school,not_taken,40,vocational,3,Average
female,107,Junior_cycle_incomplete-secondary_school,not_taken,18,secondary,3,Average
female,103,Primary_terminal_leaver,not_taken,28,primary_terminal_leaver,3,Average
female,100,Junior_cycle_incomplete-secondary_school,not_taken,18,secondary,3,Average
female,101,Junior_cycle_incomplete-vocational_school,not_taken,38,secondary,3,Average
female,100,Junior_cycle_incomplete-vocational_school,not_taken,36,vocational,3,Average
female,105,Junior_cycle_terminal_leaver-vocational_school,not_taken,39,vocational,3,Average
female,98,Junior_cycle_incomplete-vocational_school,not_taken,37,vocational,3,Average
female,111,Junior_cycle_terminal_leaver-secondary_school,not_taken,18,secondary,4,Good
female,88,Junior_cycle_incomplete-secondary_school,not_taken,57,secondary,2,Poor
female,100,Junior_cycle_incomplete-vocational_school,not_taken,28,vocational,3,Average
female,98,Junior_cycle_terminal_leaver-secondary_school,not_taken,33,secondary,3,Average
female,94,Junior_cycle_terminal_leaver-vocational_school,not_taken,43,vocational,2,Poor
female,109,Junior_cycle_terminal_leaver-secondary_school,not_taken,28,secondary,3,Average
female,70,Primary_terminal_leaver,not_taken,18,primary_terminal_leaver,1,Very Poor
female,75,Junior_cycle_incomplete-vocational_school,not_taken,33,vocational,1,Very Poor
female,100,Senior_cycle_terminal_leaver-secondary_school,taken,18,secondary,3,Average
female,70,Junior_cycle_incomplete-vocational_school,not_taken,18,vocational,1,Very Poor
female,70,Primary_terminal_leaver,not_taken,18,primary_terminal_leaver,1,Very Poor
female,70,Primary_terminal_leaver,not_taken,18,primary_terminal_leaver,1,Very Poor
female,70,Primary_terminal_leaver,not_taken,18,primary_terminal_leaver,1,Very Poor
female,85,Primary_terminal_leaver,not_taken,18,primary_terminal_leaver,2,Poor
female,108,Junior_cycle_terminal_leaver-vocational_school,not_taken,28,vocational,3,Average
female,75,Junior_cycle_incomplete-vocational_school,not_taken,28,vocational,1,Very Poor
female,104,Senior_cycle_terminal_leaver-secondary_school,taken,39,secondary,3,Average
female,103,Junior_cycle_terminal_leaver-secondary_school,not_taken,38,secondary,3,Average
female,122,3rd_level_complete,taken,38,secondary,4,Good
female,110,Senior_cycle_terminal_leaver-secondary_school,taken,40,secondary,3,Average
male,107,Senior_cycle_terminal_leaver-secondary_school,taken,40,secondary,3,Average
male,104,3rd_level_complete,taken,75,secondary,3,Average
male,70,Junior_cycle_terminal_leaver-secondary_school,not_taken,58,secondary,1,Very Poor
male,116,Junior_cycle_terminal_leaver-secondary_school,not_taken,18,secondary,4,Good
male,103,Primary_terminal_leaver,not_taken,43,primary_terminal_leaver,3,Average
male,95,Senior_cycle_terminal_leaver-secondary_school,taken,43,secondary,2,Poor
male,113,Junior_cycle_terminal_leaver-vocational_school,not_taken,39,vocational,4,Good
male,126,Junior_cycle_incomplete-vocational_school,not_taken,61,vocational,5,Very Good
male,118,Senior_cycle_terminal_leaver-secondary_school,taken,71,secondary,4,Good
male,115,Senior_cycle_terminal_leaver-secondary_school,taken,39,secondary,4,Good
male,89,Junior_cycle_incomplete-vocational_school,not_taken,43,vocational,2,Poor
male,113,3rd_level_complete,taken,61,secondary,4,Good
male,85,Senior_cycle_terminal_leaver-secondary_school,taken,37,secondary,2,Poor
male,95,Senior_cycle_terminal_leaver-secondary_school,taken,43,secondary,2,Poor
male,109,3rd_level_complete,taken,57,secondary,3,Average
male,111,Senior_cycle_terminal_leaver-secondary_school,taken,69,secondary,4,Good
male,116,Senior_cycle_terminal_leaver-secondary_school,taken,75,secondary,4,Good
male,90,Senior_cycle_incomplete-vocational_school,not_taken,43,vocational,2,Poor
male,90,Junior_cycle_incomplete-vocational_school,not_taken,28,vocational,2,Poor
male,82,Primary_terminal_leaver,not_taken,31,primary_terminal_leaver,2,Poor
male,84,Junior_cycle_terminal_leaver-secondary_school,not_taken,33,secondary,2,Poor
male,117,Senior_cycle_incomplete-vocational_school,not_taken,28,vocational,4,Good
male,71,Senior_cycle_incomplete-vocational_school,not_taken,39,vocational,1,Very Poor
male,104,3rd_level_incomplete,taken,69,secondary,3,Average
male,86,Junior_cycle_incomplete-vocational_school,not_taken,18,vocational,2,Poor
male,100,Junior_cycle_terminal_leaver-vocational_school,not_taken,46,vocational,3,Average
male,80,Junior_cycle_terminal_leaver-vocational_school,not_taken,65,vocational,1,Very Poor
male,99,Senior_cycle_terminal_leaver-secondary_school,taken,18,secondary,3,Average
male,86,Junior_cycle_incomplete-vocational_school,not_taken,61,vocational,2,Poor
male,116,3rd_level_complete,taken,18,secondary,4,Good
male,100,Senior_cycle_terminal_leaver-secondary_school,taken,65,secondary,3,Average
male,100,Primary_terminal_leaver,not_taken,28,primary_terminal_leaver,3,Average
male,101,Junior_cycle_terminal_leaver-secondary_school,not_taken,35,secondary,3,Average
male,87,Primary_terminal_leaver,not_taken,43,primary_terminal_leaver,2,Poor
male,97,3rd_level_complete,taken,40,secondary,3,Average
male,120,3rd_level_complete,taken,43,secondary,4,Good
male,103,Senior_cycle_terminal_leaver-secondary_school,taken,43,secondary,3,Average
male,107,Senior_cycle_terminal_leaver-secondary_school,taken,40,secondary,3,Average
male,105,Senior_cycle_incomplete-secondary_school,not_taken,57,secondary,3,Average
male,99,Senior_cycle_terminal_leaver-secondary_school,taken,37,secondary,3,Average
male,103,Senior_cycle_terminal_leaver-secondary_school,taken,28,secondary,3,Average
male,101,Junior_cycle_incomplete-secondary_school,not_taken,28,secondary,3,Average
female,102,Junior_cycle_terminal_leaver-secondary_school,not_taken,18,secondary,3,Average
female,100,Senior_cycle_terminal_leaver-secondary_school,taken,18,secondary,3,Average
female,100,Junior_cycle_incomplete-vocational_school,not_taken,18,vocational,3,Average
female,100,3rd_level_complete,taken,43,secondary,3,Average
female,90,Senior_cycle_terminal_leaver-secondary_school,taken,42,secondary,2,Poor
female,85,Senior_cycle_terminal_leaver-secondary_school,taken,43,secondary,2,Poor
female,104,Senior_cycle_terminal_leaver-secondary_school,taken,18,secondary,3,Average
female,87,Senior_cycle_terminal_leaver-secondary_school,taken,18,secondary,2,Poor
female,85,Senior_cycle_terminal_leaver-secondary_school,taken,37,secondary,2,Poor
female,102,Junior_cycle_terminal_leaver-secondary_school,not_taken,42,secondary,3,Average
female,94,Junior_cycle_terminal_leaver-secondary_school,not_taken,37,secondary,2,Poor
female,93,Senior_cycle_terminal_leaver-secondary_school,taken,37,secondary,2,Poor
female,99,Senior_cycle_terminal_leaver-secondary_school,taken,37,secondary,3,Average
female,103,Senior_cycle_terminal_leaver-secondary_school,taken,38,secondary,3,Average
female,89,Junior_cycle_terminal_leaver-secondary_school,not_taken,18,secondary,2,Poor
female,77,Primary_terminal_leaver,not_taken,39,primary_terminal_leaver,1,Very Poor
female,100,Junior_cycle_terminal_leaver-vocational_school,not_taken,37,vocational,3,Average
female,109,Senior_cycle_terminal_leaver-secondary_school,taken,43,secondary,3,Average
female,91,Junior_cycle_terminal_leaver-secondary_school,not_taken,18,secondary,2,Poor
female,109,Senior_cycle_terminal_leaver-secondary_school,taken,58,secondary,3,Average
female,105,Junior_cycle_incomplete-secondary_school,not_taken,57,secondary,3,Average
female,100,Senior_cycle_terminal_leaver-secondary_school,taken,18,secondary,3,Average
female,90,Junior_cycle_terminal_leaver-secondary_school,not_taken,69,secondary,2,Poor
female,99,3rd_level_complete,taken,69,secondary,3,Average
female,110,Senior_cycle_terminal_leaver-secondary_school,taken,37,secondary,3,Average
female,88,Senior_cycle_terminal_leaver-secondary_school,taken,37,secondary,2,Poor
female,101,Senior_cycle_terminal_leaver-secondary_school,taken,39,secondary,3,Average
female,91,Junior_cycle_incomplete-vocational_school,not_taken,18,vocational,2,Poor
female,78,Senior_cycle_terminal_leaver-secondary_school,taken,18,secondary,1,Very Poor
female,118,3rd_level_complete,taken,65,secondary,4,Good
female,100,Primary_terminal_leaver,not_taken,28,primary_terminal_leaver,3,Average
female,100,Junior_cycle_terminal_leaver-vocational_school,not_taken,18,vocational,3,Average
female,85,Senior_cycle_terminal_leaver-secondary_school,taken,57,secondary,2,Poor
female,106,3rd_level_complete,taken,61,secondary,3,Average
female,70,Junior_cycle_incomplete-vocational_school,not_taken,39,vocational,1,Very Poor
female,97,Junior_cycle_incomplete-vocational_school,not_taken,18,vocational,3,Average
female,86,Primary_terminal_leaver,not_taken,39,primary_terminal_leaver,2,Poor
female,92,Junior_cycle_incomplete-vocational_school,not_taken,18,vocational,2,Poor
female,102,Primary_terminal_leaver,not_taken,38,primary_terminal_leaver,3,Average
female,86,Junior_cycle_incomplete-vocational_school,not_taken,18,vocational,2,Poor
female,78,Senior_cycle_terminal_leaver-secondary_school,taken,46,secondary,1,Very Poor
female,100,Junior_cycle_incomplete-vocational_school,not_taken,18,vocational,3,Average
male,104,Senior_cycle_terminal_leaver-secondary_school,taken,61,secondary,3,Average
male,70,Junior_cycle_terminal_leaver-secondary_school,not_taken,31,secondary,1,Very Poor
male,107,Senior_cycle_terminal_leaver-secondary_school,taken,75,secondary,3,Average
male,114,Senior_cycle_terminal_leaver-secondary_school,taken,37,secondary,4,Good
male,100,Junior_cycle_incomplete-vocational_school,not_taken,39,vocational,3,Average
male,115,Junior_cycle_terminal_leaver-secondary_school,not_taken,37,secondary,4,Good
male,106,Senior_cycle_terminal_leaver-secondary_school,taken,57,secondary,3,Average
male,114,Senior_cycle_terminal_leaver-secondary_school,taken,61,secondary,4,Good
male,100,Senior_cycle_terminal_leaver-secondary_school,taken,58,secondary,3,Average
male,103,Senior_cycle_terminal_leaver-secondary_school,taken,37,secondary,3,Average
male,92,Junior_cycle_terminal_leaver-secondary_school,not_taken,39,secondary,2,Poor
male,113,Senior_cycle_terminal_leaver-secondary_school,taken,37,secondary,4,Good
male,92,Senior_cycle_terminal_leaver-secondary_school,not_taken,39,secondary,2,Poor
male,108,3rd_level_complete,taken,37,secondary,3,Average
male,96,Junior_cycle_incomplete-secondary_school,not_taken,18,secondary,3,Average
male,70,Junior_cycle_incomplete-secondary_school,not_taken,18,secondary,1,Very Poor
male,112,Senior_cycle_terminal_leaver-secondary_school,taken,75,secondary,4,Good
male,106,Senior_cycle_terminal_leaver-secondary_school,taken,28,secondary,3,Average
male,91,Senior_cycle_terminal_leaver-secondary_school,taken,37,secondary,2,Poor
male,96,Junior_cycle_terminal_leaver-vocational_school,not_taken,18,vocational,3,Average
male,70,Primary_terminal_leaver,not_taken,18,primary_terminal_leaver,1,Very Poor
male,109,Senior_cycle_terminal_leaver-secondary_school,taken,57,secondary,3,Average
male,74,Junior_cycle_terminal_leaver-vocational_school,not_taken,39,vocational,1,Very Poor
male,99,Junior_cycle_terminal_leaver-vocational_school,not_taken,43,vocational,3,Average
male,107,Senior_cycle_terminal_leaver-secondary_school,taken,37,secondary,3,Average
male,90,Junior_cycle_terminal_leaver-secondary_school,not_taken,37,secondary,2,Poor
male,78,Junior_cycle_terminal_leaver-vocational_school,not_taken,31,vocational,1,Very Poor
male,70,Primary_terminal_leaver,not_taken,39,primary_terminal_leaver,1,Very Poor
male,88,Junior_cycle_incomplete-vocational_school,not_taken,58,vocational,2,Poor
male,93,Junior_cycle_terminal_leaver-vocational_school,not_taken,18,vocational,2,Poor
male,88,Junior_cycle_incomplete-vocational_school,not_taken,43,vocational,2,Poor
male,108,Senior_cycle_terminal_leaver-secondary_school,taken,58,secondary,3,Average
male,101,3rd_level_complete,taken,57,secondary,3,Average
male,100,Junior_cycle_terminal_leaver-vocational_school,not_taken,28,vocational,3,Average
male,103,Senior_cycle_terminal_leaver-secondary_school,taken,35,secondary,3,Average
male,73,Senior_cycle_terminal_leaver-secondary_school,taken,37,secondary,1,Very Poor
male,109,Junior_cycle_terminal_leaver-vocational_school,not_taken,43,vocational,3,Average
male,102,Junior_cycle_terminal_leaver-vocational_school,not_taken,37,vocational,3,Average
male,93,Junior_cycle_incomplete-vocational_school,not_taken,37,vocational,2,Poor
male,93,Junior_cycle_incomplete-vocational_school,not_taken,18,vocational,2,Poor
male,101,Senior_cycle_terminal_leaver-secondary_school,taken,61,secondary,3,Average
male,100,Junior_cycle_terminal_leaver-vocational_school,not_taken,39,vocational,3,Average
male,70,Primary_terminal_leaver,not_taken,31,primary_terminal_leaver,1,Very Poor
male,102,Junior_cycle_incomplete-vocational_school,not_taken,18,vocational,3,Average
male,113,Junior_cycle_terminal_leaver-vocational_school,not_taken,28,vocational,4,Good
male,91,Junior_cycle_terminal_leaver-vocational_school,not_taken,37,vocational,2,Poor
male,109,Junior_cycle_terminal_leaver-secondary_school,not_taken,37,secondary,3,Average
male,80,Primary_terminal_leaver,not_taken,58,primary_terminal_leaver,1,Very Poor
male,118,Senior_cycle_terminal_leaver-secondary_school,taken,18,secondary,4,Good
male,70,Primary_terminal_leaver,not_taken,58,primary_terminal_leaver,1,Very Poor
male,88,Junior_cycle_terminal_leaver-vocational_school,not_taken,39,vocational,2,Poor
male,72,Junior_cycle_terminal_leaver-vocational_school,not_taken,37,vocational,1,Very Poor
male,81,Senior_cycle_terminal_leaver-secondary_school,taken,58,secondary,2,Poor
male,70,Junior_cycle_incomplete-vocational_school,not_taken,37,vocational,1,Very Poor
male,100,Junior_cycle_incomplete-vocational_school,not_taken,18,vocational,3,Average
male,87,Senior_cycle_terminal_leaver-secondary_school,taken,40,secondary,2,Poor
male,99,Junior_cycle_terminal_leaver-vocational_school,not_taken,18,vocational,3,Average
male,81,Primary_terminal_leaver,not_taken,18,primary_terminal_leaver,2,Poor
male,84,Junior_cycle_terminal_leaver-vocational_school,not_taken,18,vocational,2,Poor
male,90,Junior_cycle_incomplete-vocational_school,not_taken,58,vocational,2,Poor
male,95,Senior_cycle_terminal_leaver-secondary_school,taken,37,secondary,2,Poor
male,84,Junior_cycle_incomplete-vocational_school,not_taken,61,vocational,2,Poor
male,104,Senior_cycle_incomplete-vocational_school,not_taken,40,vocational,3,Average
male,100,Junior_cycle_incomplete-vocational_school,not_taken,31,vocational,3,Average
male,107,Junior_cycle_terminal_leaver-secondary_school,not_taken,39,secondary,3,Average
male,84,Junior_cycle_incomplete-vocational_school,not_taken,40,vocational,2,Poor
male,108,Junior_cycle_terminal_leaver-vocational_school,not_taken,39,vocational,3,Average
male,70,Senior_cycle_incomplete-vocational_school,not_taken,18,vocational,1,Very Poor
male,99,3rd_level_complete,taken,37,secondary,3,Average
male,87,Senior_cycle_terminal_leaver-secondary_school,taken,18,secondary,2,Poor
male,81,Primary_terminal_leaver,not_taken,18,primary_terminal_leaver,2,Poor
male,103,Senior_cycle_terminal_leaver-secondary_school,taken,39,secondary,3,Average
male,100,Senior_cycle_terminal_leaver-secondary_school,taken,37,secondary,3,Average
male,101,Senior_cycle_terminal_leaver-secondary_school,taken,35,secondary,3,Average
male,100,Primary_terminal_leaver,not_taken,58,primary_terminal_leaver,3,Average
male,70,Junior_cycle_terminal_leaver-vocational_school,not_taken,39,vocational,1,Very Poor
male,109,Senior_cycle_terminal_leaver-secondary_school,taken,39,secondary,3,Average
male,78,Senior_cycle_terminal_leaver-secondary_school,taken,39,vocational,1,Very Poor
male,70,Primary_terminal_leaver,not_taken,39,primary_terminal_leaver,1,Very Poor
male,70,Junior_cycle_terminal_leaver-vocational_school,not_taken,58,vocational,1,Very Poor
male,104,Senior_cycle_terminal_leaver-secondary_school,taken,37,secondary,3,Average
male,86,Primary_terminal_leaver,not_taken,18,primary_terminal_leaver,2,Poor
male,100,Junior_cycle_terminal_leaver-vocational_school,not_taken,35,vocational,3,Average
male,98,Junior_cycle_terminal_leaver-vocational_school,not_taken,58,vocational,3,Average
male,118,Junior_cycle_terminal_leaver-vocational_school,not_taken,39,vocational,4,Good
male,76,Junior_cycle_incomplete-vocational_school,not_taken,39,vocational,1,Very Poor
male,102,Junior_cycle_incomplete-secondary_school,not_taken,18,secondary,3,Average
male,106,Junior_cycle_terminal_leaver-vocational_school,not_taken,37,vocational,3,Average
male,108,Junior_cycle_terminal_leaver-vocational_school,not_taken,35,vocational,3,Average
male,110,Senior_cycle_incomplete-vocational_school,not_taken,37,vocational,3,Average
male,110,Junior_cycle_terminal_leaver-vocational_school,not_taken,37,vocational,3,Average
male,89,Senior_cycle_incomplete-vocational_school,not_taken,28,vocational,2,Poor
male,83,Junior_cycle_terminal_leaver-vocational_school,not_taken,18,vocational,2,Poor
male,96,Junior_cycle_terminal_leaver-secondary_school,not_taken,39,secondary,3,Average
male,113,Senior_cycle_terminal_leaver-secondary_school,taken,65,secondary,4,Good
male,95,Senior_cycle_terminal_leaver-secondary_school,taken,37,secondary,2,Poor
male,108,Junior_cycle_terminal_leaver-vocational_school,not_taken,38,vocational,3,Average
male,96,Junior_cycle_terminal_leaver-secondary_school,not_taken,28,secondary,3,Average
male,79,Senior_cycle_incomplete-secondary_school,not_taken,39,secondary,1,Very Poor
female,99,Junior_cycle_terminal_leaver-secondary_school,not_taken,37,secondary,3,Average
female,107,Senior_cycle_terminal_leaver-secondary_school,taken,39,secondary,3,Average
female,94,Junior_cycle_incomplete-vocational_school,not_taken,37,vocational,2,Poor
female,88,Junior_cycle_terminal_leaver-secondary_school,not_taken,37,secondary,2,Poor
female,82,Junior_cycle_terminal_leaver-secondary_school,not_taken,57,secondary,2,Poor
female,100,Senior_cycle_terminal_leaver-secondary_school,taken,57,secondary,3,Average
female,102,Senior_cycle_terminal_leaver-secondary_school,taken,40,secondary,3,Average
female,100,Senior_cycle_terminal_leaver-secondary_school,taken,39,secondary,3,Average
female,111,Senior_cycle_terminal_leaver-secondary_school,taken,57,secondary,4,Good
female,94,Primary_terminal_leaver,not_taken,39,primary_terminal_leaver,2,Poor
female,94,Senior_cycle_terminal_leaver-secondary_school,taken,18,secondary,2,Poor
female,93,Junior_cycle_terminal_leaver-vocational_school,not_taken,18,vocational,2,Poor
female,90,Senior_cycle_terminal_leaver-secondary_school,taken,39,secondary,2,Poor
female,84,Junior_cycle_terminal_leaver-secondary_school,not_taken,18,secondary,2,Poor
female,100,Junior_cycle_terminal_leaver-vocational_school,not_taken,27,vocational,3,Average
female,106,Senior_cycle_terminal_leaver-secondary_school,taken,51,secondary,3,Average
female,114,3rd_level_incomplete,taken,57,secondary,4,Good
female,101,Senior_cycle_terminal_leaver-secondary_school,taken,39,secondary,3,Average
female,115,Senior_cycle_terminal_leaver-secondary_school,taken,43,secondary,4,Good
female,108,Senior_cycle_terminal_leaver-secondary_school,taken,58,secondary,3,Average
female,117,3rd_level_complete,taken,39,secondary,4,Good
female,110,Junior_cycle_terminal_leaver-secondary_school,not_taken,28,secondary,3,Average
female,93,Senior_cycle_terminal_leaver-secondary_school,taken,43,secondary,2,Poor
female,114,3rd_level_complete,taken,39,secondary,4,Good
female,72,Primary_terminal_leaver,not_taken,39,primary_terminal_leaver,1,Very Poor
female,100,Senior_cycle_terminal_leaver-secondary_school,taken,39,secondary,3,Average
female,117,3rd_level_complete,taken,37,secondary,4,Good
female,102,Senior_cycle_terminal_leaver-secondary_school,taken,40,secondary,3,Average
female,84,Senior_cycle_terminal_leaver-secondary_school,taken,18,secondary,2,Poor
female,94,Junior_cycle_incomplete-secondary_school,not_taken,28,secondary,2,Poor
female,81,Senior_cycle_terminal_leaver-secondary_school,taken,37,secondary,2,Poor
female,101,Junior_cycle_terminal_leaver-secondary_school,not_taken,18,secondary,3,Average
female,91,Senior_cycle_terminal_leaver-secondary_school,taken,37,secondary,2,Poor
female,93,Senior_cycle_terminal_leaver-secondary_school,taken,38,secondary,2,Poor
female,116,Senior_cycle_terminal_leaver-secondary_school,taken,18,secondary,4,Good
female,90,Senior_cycle_terminal_leaver-secondary_school,taken,57,secondary,2,Poor
female,115,Senior_cycle_terminal_leaver-secondary_school,taken,35,secondary,4,Good
female,89,primary_terminal_leaver,not_taken,18,primary_terminal_leaver,2,Poor
female,108,3rd_level_complete,taken,37,secondary,3,Average
female,100,Senior_cycle_terminal_leaver-secondary_school,taken,39,secondary,3,Average
female,86,Junior_cycle_terminal_leaver-vocational_school,not_taken,37,vocational,2,Poor
female,84,Junior_cycle_terminal_leaver-secondary_school,not_taken,37,secondary,2,Poor
female,90,Junior_cycle_terminal_leaver-vocational_school,not_taken,37,vocational,2,Poor
female,103,3rd_level_complete,taken,28,secondary,3,Average
female,100,Senior_cycle_terminal_leaver-secondary_school,taken,57,secondary,3,Average
female,102,Senior_cycle_terminal_leaver-secondary_school,taken,43,secondary,3,Average
female,82,Junior_cycle_terminal_leaver-secondary_school,not_taken,35,secondary,2,Poor
female,83,Junior_cycle_terminal_leaver-secondary_school,not_taken,37,secondary,2,Poor
female,100,Senior_cycle_terminal_leaver-secondary_school,taken,37,secondary,3,Average
female,100,3rd_level_complete,taken,57,secondary,3,Average
female,111,Senior_cycle_terminal_leaver-secondary_school,taken,39,secondary,4,Good
female,100,Senior_cycle_terminal_leaver-secondary_school,taken,39,secondary,3,Average
female,91,3rd_level_complete,taken,58,secondary,2,Poor
female,97,Senior_cycle_terminal_leaver-secondary_school,taken,58,secondary,3,Average
female,109,3rd_level_incomplete,taken,43,secondary,3,Average
female,100,Junior_cycle_incomplete-secondary_school,not_taken,37,secondary,3,Average
female,98,Junior_cycle_terminal_leaver-secondary_school,not_taken,37,secondary,3,Average
female,85,Senior_cycle_incomplete-secondary_school,not_taken,35,secondary,2,Poor
female,91,Primary_terminal_leaver,not_taken,18,primary_terminal_leaver,2,Poor
female,85,Junior_cycle_terminal_leaver-secondary_school,not_taken,31,secondary,2,Poor
female,81,Senior_cycle_terminal_leaver-secondary_school,taken,37,secondary,2,Poor
female,100,Senior_cycle_terminal_leaver-secondary_school,taken,37,secondary,3,Average
female,95,3rd_level_complete,taken,37,secondary,2,Poor
female,102,Junior_cycle_incomplete-secondary_school,not_taken,37,secondary,3,Average
female,94,Primary_terminal_leaver,not_taken,38,primary_terminal_leaver,2,Poor
female,89,Senior_cycle_incomplete-secondary_school,not_taken,37,secondary,2,Poor
female,112,Junior_cycle_incomplete-vocational_school,not_taken,37,vocational,4,Good
female,118,Senior_cycle_terminal_leaver-secondary_school,taken,37,secondary,4,Good
female,70,Senior_cycle_incomplete-secondary_school,not_taken,37,secondary,1,Very Poor
female,103,3rd_level_complete,taken,37,secondary,3,Average
female,90,Senior_cycle_terminal_leaver-secondary_school,taken,37,secondary,2,Poor
female,97,Senior_cycle_terminal_leaver-secondary_school,taken,37,secondary,3,Average
female,104,Junior_cycle_incomplete-vocational_school,not_taken,37,vocational,3,Average
female,91,Junior_cycle_incomplete-vocational_school,not_taken,37,vocational,2,Poor
female,94,Junior_cycle_incomplete-vocational_school,not_taken,37,vocational,2,Poor
female,107,Junior_cycle_incomplete-secondary_school,not_taken,57,secondary,3,Average
female,100,Junior_cycle_incomplete-secondary_school,not_taken,37,secondary,3,Average
female,70,Senior_cycle_terminal_leaver-secondary_school,taken,37,secondary,1,Very Poor
female,97,Junior_cycle_terminal_leaver-vocational_school,not_taken,39,vocational,3,Average
female,104,Junior_cycle_terminal_leaver-secondary_school,not_taken,18,secondary,3,Average
female,100,Junior_cycle_terminal_leaver-secondary_school,not_taken,28,secondary,3,Average
female,81,Junior_cycle_incomplete-vocational_school,not_taken,18,vocational,2,Poor
female,100,Senior_cycle_terminal_leaver-secondary_school,taken,28,secondary,3,Average
female,106,Junior_cycle_terminal_leaver-vocational_school,not_taken,18,vocational,3,Average
female,105,Senior_cycle_terminal_leaver-secondary_school,taken,18,secondary,3,Average
female,92,Junior_cycle_incomplete-vocational_school,not_taken,28,vocational,2,Poor
female,96,Senior_cycle_terminal_leaver-secondary_school,taken,38,secondary,3,Average
female,100,Junior_cycle_terminal_leaver-vocational_school,not_taken,18,vocational,3,Average
female,89,Junior_cycle_incomplete-vocational_school,not_taken,18,vocational,2,Poor
female,111,Senior_cycle_terminal_leaver-secondary_school,taken,58,secondary,4,Good
female,102,Junior_cycle_terminal_leaver-vocational_school,not_taken,18,vocational,3,Average
female,99,Junior_cycle_terminal_leaver-vocational_school,not_taken,37,vocational,3,Average
female,104,Junior_cycle_incomplete-secondary_school,not_taken,37,secondary,3,Average
female,70,Junior_cycle_terminal_leaver-vocational_school,not_taken,31,vocational,1,Very Poor
female,70,Junior_cycle_terminal_leaver-vocational_school,not_taken,35,vocational,1,Very Poor
female,90,Junior_cycle_incomplete-vocational_school,not_taken,18,vocational,2,Poor
female,104,Senior_cycle_terminal_leaver-secondary_school,taken,18,secondary,3,Average
female,102,Senior_cycle_terminal_leaver-secondary_school,taken,37,secondary,3,Average
female,86,Senior_cycle_terminal_leaver-secondary_school,taken,37,secondary,2,Poor
female,73,Senior_cycle_terminal_leaver-secondary_school,taken,35,secondary,1,Very Poor
female,100,Junior_cycle_terminal_leaver-secondary_school,not_taken,37,secondary,3,Average
female,93,Senior_cycle_terminal_leaver-secondary_school,taken,57,secondary,2,Poor
female,111,Senior_cycle_incomplete-secondary_school,not_taken,37,secondary,4,Good
female,104,Junior_cycle_incomplete-secondary_school,not_taken,18,secondary,3,Average
female,105,Junior_cycle_terminal_leaver-secondary_school,not_taken,39,secondary,3,Average
female,73,Junior_cycle_terminal_leaver-secondary_school,not_taken,37,secondary,1,Very Poor
female,85,Senior_cycle_terminal_leaver-secondary_school,taken,28,secondary,2,Poor
female,107,3rd_level_complete,taken,61,secondary,3,Average
female,112,3rd_level_complete,taken,62,secondary,4,Good
male,127,3rd_level_complete,taken,40,secondary,5,Very Good
male,100,Junior_cycle_terminal_leaver-secondary_school,not_taken,66,secondary,3,Average
male,114,Senior_cycle_terminal_leaver-secondary_school,taken,71,secondary,4,Good
male,109,Junior_cycle_incomplete-vocational_school,not_taken,18,vocational,3,Average
male,93,Senior_cycle_terminal_leaver-secondary_school,taken,51,secondary,2,Poor
female,114,Senior_cycle_terminal_leaver-secondary_school,taken,40,secondary,4,Good
female,100,Senior_cycle_terminal_leaver-secondary_school,taken,31,secondary,3,Average
female,92,Junior_cycle_incomplete-secondary_school,not_taken,18,secondary,2,Poor
female,110,Senior_cycle_terminal_leaver-secondary_school,taken,61,secondary,3,Average
female,93,Junior_cycle_terminal_leaver-vocational_school,not_taken,37,vocational,2,Poor
female,100,Junior_cycle_incomplete-vocational_school,not_taken,43,vocational,3,Average
male,120,Senior_cycle_incomplete-vocational_school,not_taken,75,vocational,4,Good
male,114,3rd_level_complete,taken,75,secondary,4,Good
male,100,3rd_level_complete,taken,40,secondary,3,Average
male,106,Senior_cycle_terminal_leaver-secondary_school,taken,75,secondary,3,Average
male,110,Senior_cycle_terminal_leaver-secondary_school,taken,53,secondary,3,Average
male,92,Junior_cycle_incomplete-vocational_school,not_taken,39,vocational,2,Poor
male,125,Senior_cycle_terminal_leaver-secondary_school,taken,71,secondary,4,Good
male,108,Senior_cycle_terminal_leaver-secondary_school,taken,71,secondary,3,Average
female,112,Senior_cycle_terminal_leaver-secondary_school,taken,18,secondary,4,Good
female,93,Senior_cycle_terminal_leaver-secondary_school,taken,69,secondary,2,Poor
female,114,Senior_cycle_terminal_leaver-secondary_school,taken,39,secondary,4,Good
female,104,Senior_cycle_terminal_leaver-secondary_school,taken,18,secondary,3,Average
female,92,Senior_cycle_terminal_leaver-secondary_school,taken,75,secondary,2,Poor
female,104,Junior_cycle_terminal_leaver-secondary_school,not_taken,43,secondary,3,Average
female,109,Senior_cycle_terminal_leaver-secondary_school,taken,71,secondary,3,Average
female,109,3rd_level_complete,taken,40,secondary,3,Average
female,104,Junior_cycle_terminal_leaver-secondary_school,not_taken,18,secondary,3,Average
male,123,Senior_cycle_incomplete-vocational_school,not_taken,36,vocational,4,Good
male,125,3rd_level_complete,taken,31,secondary,4,Good
male,100,3rd_level_complete,taken,37,secondary,3,Average
male,100,3rd_level_complete,taken,43,secondary,3,Average
male,119,3rd_level_incomplete,taken,69,secondary,4,Good
male,125,Junior_cycle_terminal_leaver-vocational_school,not_taken,39,vocational,4,Good
male,121,Senior_cycle_terminal_leaver-secondary_school,taken,37,secondary,4,Good
male,124,Senior_cycle_terminal_leaver-secondary_school,taken,36,secondary,4,Good
male,125,Senior_cycle_terminal_leaver-secondary_school,taken,18,secondary,4,Good
male,100,Junior_cycle_terminal_leaver-secondary_school,not_taken,18,secondary,3,Average
male,122,Senior_cycle_terminal_leaver-secondary_school,taken,62,secondary,4,Good
male,121,3rd_level_incomplete,taken,39,secondary,4,Good
male,100,3rd_level_incomplete,taken,39,secondary,3,Average
male,122,Senior_cycle_terminal_leaver-secondary_school,taken,40,secondary,4,Good
male,126,Junior_cycle_terminal_leaver-vocational_school,not_taken,51,vocational,5,Very Good
male,122,3rd_level_complete,taken,39,secondary,4,Good
male,100,Senior_cycle_terminal_leaver-secondary_school,taken,39,secondary,3,Average
male,100,3rd_level_complete,taken,71,secondary,3,Average
female,120,3rd_level_complete,taken,40,secondary,4,Good
female,127,Junior_cycle_incomplete-vocational_school,not_taken,39,vocational,5,Very Good
female,127,Senior_cycle_terminal_leaver-secondary_school,taken,62,secondary,5,Very Good
female,120,Senior_cycle_terminal_leaver-secondary_school,taken,61,secondary,4,Good
female,127,Senior_cycle_terminal_leaver-secondary_school,taken,58,secondary,5,Very Good
female,123,Senior_cycle_terminal_leaver-secondary_school,taken,37,secondary,4,Good
female,120,Senior_cycle_terminal_leaver-secondary_school,taken,37,secondary,4,Good
female,123,Senior_cycle_terminal_leaver-secondary_school,taken,37,secondary,4,Good
female,122,Junior_cycle_terminal_leaver-vocational_school,not_taken,18,vocational,4,Good
female,119,Senior_cycle_terminal_leaver-secondary_school,taken,37,secondary,4,Good
male,100,Senior_cycle_incomplete-vocational_school,not_taken,39,vocational,3,Average
male,134,3rd_level_incomplete,taken,62,secondary,5,Very Good
male,136,3rd_level_complete,taken,61,secondary,5,Very Good
male,135,3rd_level_complete,taken,61,secondary,5,Very Good
male,140,3rd_level_complete,taken,71,secondary,5,Very Good
male,131,Senior_cycle_terminal_leaver-secondary_school,taken,30,secondary,5,Very Good
male,137,Senior_cycle_terminal_leaver-secondary_school,taken,62,secondary,5,Very Good
male,136,Senior_cycle_terminal_leaver-secondary_school,taken,18,secondary,5,Very Good
male,132,3rd_level_complete,taken,37,secondary,5,Very Good
female,135,3rd_level_complete,taken,62,secondary,5,Very Good
female,134,Senior_cycle_terminal_leaver-secondary_school,taken,39,secondary,5,Very Good
