Sex,DVRT,Educational_level,Leaving_Certificate,Prestige_score,Type_school
male,113.0,Junior_cycle_incomplete-secondary_school,not_taken,28.0,secondary
male,101.0,Primary_terminal_leaver,not_taken,28.0,primary_terminal_leaver
male,110.0,Senior_cycle_terminal_leaver-secondary_school,taken,69.0,
male,121.0,Junior_cycle_terminal_leaver-secondary_school,not_taken,57.0,secondary
male,82.0,Junior_cycle_terminal_leaver-vocational_school,not_taken,18.0,vocational
male,85.0,Junior_cycle_terminal_leaver-vocational_school,not_taken,28.0,vocational
male,84.0,Primary_terminal_leaver,not_taken,,primary_terminal_leaver
male,98.0,Junior_cycle_incomplete-vocational_school,not_taken,43.0,vocational
male,92.0,Junior_cycle_terminal_leaver-vocational_school,not_taken,33.0,vocational
,90.0,Primary_terminal_leaver,,18.0,primary_terminal_leaver
,88.0,Junior_cycle_terminal_leaver-vocational_school,not_taken,28.0,vocational
male,,Junior_cycle_terminal_leaver-vocational_school,not_taken,18.0,vocational
male,114.0,3rd_level_complete,taken,18.0,secondary
male,70.0,Junior_cycle_terminal_leaver-vocational_school,not_taken,57.0,vocational
male,109.0,,taken,40.0,secondary
male,83.0,Junior_cycle_terminal_leaver-vocational_school,not_taken,43.0,
male,108.0,,not_taken,69.0,vocational
male,95.0,Junior_cycle_incomplete-secondary_school,not_taken,43.0,secondary
male,90.0,Junior_cycle_terminal_leaver-vocational_school,not_taken,28.0,vocational
male,107.0,Senior_cycle_terminal_leaver-secondary_school,taken,28.0,secondary
male,86.0,Primary_terminal_leaver,not_taken,,primary_terminal_leaver
male,70.0,Junior_cycle_incomplete-vocational_school,not_taken,43.0,vocational
male,114.0,,taken,,secondary
,117.0,Senior_cycle_terminal_leaver-secondary_school,taken,42.0,
male,112.0,Senior_cycle_terminal_leaver-secondary_school,taken,43.0,secondary
,88.0,3rd_level_complete,taken,,secondary
,106.0,3rd_level_complete,taken,42.0,secondary
male,125.0,,taken,28.0,secondary
male,94.0,,taken,,
male,103.0,Junior_cycle_terminal_leaver-secondary_school,not_taken,,secondary
male,123.0,Senior_cycle_terminal_leaver-secondary_school,taken,46.0,
male,100.0,Junior_cycle_terminal_leaver-vocational_school,not_taken,35.0,vocational
male,90.0,Junior_cycle_incomplete-secondary_school,,,secondary
male,70.0,Junior_cycle_terminal_leaver-vocational_school,not_taken,51.0,vocational
male,90.0,Junior_cycle_incomplete-secondary_school,not_taken,46.0,secondary
male,99.0,Junior_cycle_incomplete-secondary_school,not_taken,,secondary
male,123.0,Junior_cycle_incomplete-secondary_school,not_taken,43.0,secondary
male,127.0,Senior_cycle_terminal_leaver-secondary_school,taken,43.0,secondary
,124.0,Senior_cycle_terminal_leaver-secondary_school,taken,62.0,secondary
,110.0,Senior_cycle_incomplete-vocational_school,not_taken,27.0,vocational
male,94.0,Senior_cycle_terminal_leaver-secondary_school,taken,43.0,
male,112.0,Senior_cycle_terminal_leaver-secondary_school,taken,40.0,secondary
,123.0,Senior_cycle_terminal_leaver-secondary_school,taken,35.0,secondary
male,70.0,Junior_cycle_incomplete-secondary_school,not_taken,18.0,secondary
male,102.0,Junior_cycle_terminal_leaver-vocational_school,not_taken,43.0,vocational
male,126.0,3rd_level_complete,taken,27.0,secondary
male,121.0,,taken,40.0,secondary
male,100.0,Junior_cycle_incomplete-vocational_school,not_taken,43.0,vocational
male,85.0,Junior_cycle_incomplete-vocational_school,not_taken,31.0,vocational
male,,Junior_cycle_terminal_leaver-vocational_school,not_taken,31.0,vocational
male,,Junior_cycle_incomplete-vocational_school,not_taken,28.0,vocational
male,91.0,Junior_cycle_terminal_leaver-secondary_school,not_taken,40.0,secondary
,113.0,Senior_cycle_terminal_leaver-secondary_school,taken,43.0,secondary
male,103.0,Junior_cycle_terminal_leaver-vocational_school,not_taken,33.0,vocational
male,117.0,Senior_cycle_incomplete-secondary_school,not_taken,18.0,secondary
male,72.0,Junior_cycle_incomplete-vocational_school,not_taken,43.0,vocational
male,70.0,Primary_terminal_leaver,not_taken,18.0,primary_terminal_leaver
male,112.0,Junior_cycle_incomplete-secondary_school,not_taken,18.0,secondary
male,65.0,Primary_terminal_leaver,not_taken,18.0,primary_terminal_leaver
male,,Junior_cycle_terminal_leaver-secondary_school,not_taken,35.0,secondary
male,100.0,Junior_cycle_terminal_leaver-vocational_school,,43.0,vocational
male,99.0,Junior_cycle_terminal_leaver-vocational_school,not_taken,18.0,vocational
,91.0,Junior_cycle_incomplete-vocational_school,not_taken,,vocational
male,107.0,?,,43.0,secondary
male,94.0,Junior_cycle_incomplete-vocational_school,,43.0,vocational
,104.0,Junior_cycle_terminal_leaver-secondary_school,not_taken,,secondary
male,117.0,Senior_cycle_terminal_leaver-secondary_school,taken,,secondary
male,104.0,Junior_cycle_terminal_leaver-secondary_school,not_taken,43.0,secondary
male,115.0,?,not_taken,66.0,secondary
female,123.0,,not_taken,35.0,secondary
female,103.0,Junior_cycle_terminal_leaver-secondary_school,not_taken,43.0,secondary
female,109.0,Junior_cycle_terminal_leaver-vocational_school,not_taken,43.0,vocational
female,99.0,Junior_cycle_terminal_leaver-secondary_school,not_taken,61.0,secondary
,100.0,3rd_level_complete,taken,47.0,secondary
female,100.0,Junior_cycle_terminal_leaver-secondary_school,not_taken,62.0,secondary
female,107.0,Senior_cycle_terminal_leaver-secondary_school,taken,40.0,secondary
,70.0,Primary_terminal_leaver,not_taken,18.0,primary_terminal_leaver
,91.0,Junior_cycle_terminal_leaver-secondary_school,not_taken,30.0,secondary
female,117.0,Senior_cycle_terminal_leaver-secondary_school,taken,43.0,secondary
female,115.0,Senior_cycle_terminal_leaver-secondary_school,taken,57.0,secondary
female,,Junior_cycle_terminal_leaver-secondary_school,not_taken,43.0,secondary
female,103.0,Senior_cycle_terminal_leaver-secondary_school,taken,30.0,secondary
female,99.0,Junior_cycle_terminal_leaver-secondary_school,not_taken,57.0,secondary
female,115.0,Junior_cycle_incomplete-secondary_school,not_taken,36.0,secondary
female,104.0,Senior_cycle_terminal_leaver-secondary_school,taken,38.0,
female,116.0,Junior_cycle_terminal_leaver-secondary_school,not_taken,47.0,
female,94.0,Junior_cycle_incomplete-secondary_school,,51.0,secondary
,114.0,3rd_level_complete,taken,43.0,
,113.0,Junior_cycle_terminal_leaver-secondary_school,not_taken,18.0,secondary
female,106.0,Junior_cycle_incomplete-vocational_school,not_taken,,vocational
female,119.0,Senior_cycle_terminal_leaver-secondary_school,,57.0,secondary
female,114.0,Senior_cycle_terminal_leaver-secondary_school,taken,48.0,
female,108.0,Senior_cycle_terminal_leaver-secondary_school,,27.0,secondary
,97.0,Junior_cycle_incomplete-secondary_school,not_taken,46.0,secondary
female,83.0,Primary_terminal_leaver,,28.0,primary_terminal_leaver
female,103.0,Junior_cycle_terminal_leaver-secondary_school,not_taken,43.0,secondary
female,104.0,Junior_cycle_terminal_leaver-secondary_school,not_taken,64.0,secondary
female,97.0,Junior_cycle_terminal_leaver-secondary_school,not_taken,18.0,secondary
female,109.0,Junior_cycle_terminal_leaver-secondary_school,not_taken,69.0,secondary
female,90.0,Junior_cycle_terminal_leaver-secondary_school,not_taken,,secondary
,,,,28.0,vocational
female,99.0,Junior_cycle_terminal_leaver-secondary_school,not_taken,38.0,secondary
female,94.0,Senior_cycle_terminal_leaver-secondary_school,taken,,secondary
,86.0,Junior_cycle_terminal_leaver-secondary_school,not_taken,28.0,secondary
female,93.0,Senior_cycle_terminal_leaver-secondary_school,taken,35.0,secondary
female,91.0,,not_taken,28.0,vocational
female,,Senior_cycle_incomplete-secondary_school,not_taken,40.0,secondary
female,91.0,Junior_cycle_terminal_leaver-secondary_school,not_taken,28.0,
female,,Junior_cycle_terminal_leaver-vocational_school,not_taken,,
female,109.0,Senior_cycle_terminal_leaver-secondary_school,taken,43.0,secondary
female,111.0,Junior_cycle_terminal_leaver-secondary_school,not_taken,51.0,secondary
female,111.0,Junior_cycle_terminal_leaver-secondary_school,not_taken,,secondary
female,106.0,Junior_cycle_terminal_leaver-vocational_school,not_taken,,vocational
female,,Junior_cycle_terminal_leaver-vocational_school,not_taken,40.0,vocational
female,107.0,Junior_cycle_incomplete-secondary_school,not_taken,18.0,secondary
female,103.0,Primary_terminal_leaver,not_taken,28.0,
female,100.0,Junior_cycle_incomplete-secondary_school,not_taken,18.0,secondary
female,101.0,,not_taken,38.0,secondary
,,Junior_cycle_incomplete-vocational_school,not_taken,36.0,vocational
female,105.0,Junior_cycle_terminal_leaver-vocational_school,not_taken,,vocational
female,98.0,Junior_cycle_incomplete-vocational_school,not_taken,37.0,vocational
female,111.0,Junior_cycle_terminal_leaver-secondary_school,not_taken,18.0,secondary
female,88.0,Junior_cycle_incomplete-secondary_school,not_taken,57.0,secondary
female,,,not_taken,28.0,secondary
female,98.0,Junior_cycle_terminal_leaver-secondary_school,not_taken,33.0,secondary
female,94.0,Junior_cycle_terminal_leaver-vocational_school,not_taken,43.0,vocational
female,109.0,Junior_cycle_terminal_leaver-secondary_school,not_taken,28.0,secondary
female,70.0,Primary_terminal_leaver,not_taken,18.0,primary_terminal_leaver
female,75.0,Junior_cycle_incomplete-vocational_school,not_taken,33.0,vocational
female,,Senior_cycle_terminal_leaver-secondary_school,taken,18.0,secondary
female,70.0,,not_taken,18.0,
female,70.0,Primary_terminal_leaver,not_taken,18.0,
female,70.0,Primary_terminal_leaver,not_taken,18.0,primary_terminal_leaver
female,70.0,Primary_terminal_leaver,not_taken,18.0,primary_terminal_leaver
female,85.0,Primary_terminal_leaver,not_taken,18.0,primary_terminal_leaver
female,108.0,Junior_cycle_terminal_leaver-vocational_school,not_taken,28.0,vocational
female,75.0,Junior_cycle_incomplete-vocational_school,not_taken,28.0,vocational
female,104.0,Senior_cycle_terminal_leaver-secondary_school,taken,,secondary
female,103.0,Junior_cycle_terminal_leaver-secondary_school,not_taken,38.0,secondary
female,122.0,3rd_level_complete,,38.0,secondary
female,110.0,,taken,40.0,secondary
male,107.0,Senior_cycle_terminal_leaver-secondary_school,taken,40.0,
male,104.0,3rd_level_complete,taken,75.0,
male,70.0,Junior_cycle_terminal_leaver-secondary_school,not_taken,58.0,
male,116.0,?,not_taken,18.0,secondary
male,103.0,Primary_terminal_leaver,,43.0,
male,95.0,Senior_cycle_terminal_leaver-secondary_school,taken,43.0,secondary
male,113.0,Junior_cycle_terminal_leaver-vocational_school,not_taken,,vocational
male,126.0,Junior_cycle_incomplete-vocational_school,not_taken,61.0,vocational
male,118.0,Senior_cycle_terminal_leaver-secondary_school,,71.0,secondary
,115.0,Senior_cycle_terminal_leaver-secondary_school,taken,,secondary
male,89.0,Junior_cycle_incomplete-vocational_school,not_taken,43.0,vocational
male,113.0,3rd_level_complete,taken,61.0,secondary
male,85.0,Senior_cycle_terminal_leaver-secondary_school,taken,37.0,secondary
male,95.0,Senior_cycle_terminal_leaver-secondary_school,taken,43.0,secondary
male,109.0,3rd_level_complete,taken,57.0,secondary
male,111.0,Senior_cycle_terminal_leaver-secondary_school,taken,69.0,secondary
male,116.0,Senior_cycle_terminal_leaver-secondary_school,taken,75.0,secondary
male,90.0,Senior_cycle_incomplete-vocational_school,not_taken,43.0,vocational
male,90.0,Junior_cycle_incomplete-vocational_school,not_taken,28.0,vocational
male,82.0,Primary_terminal_leaver,not_taken,31.0,primary_terminal_leaver
,84.0,?,not_taken,33.0,secondary
male,117.0,Senior_cycle_incomplete-vocational_school,not_taken,28.0,
male,71.0,Senior_cycle_incomplete-vocational_school,not_taken,,vocational
male,104.0,3rd_level_incomplete,taken,69.0,
male,86.0,Junior_cycle_incomplete-vocational_school,not_taken,18.0,vocational
male,,Junior_cycle_terminal_leaver-vocational_school,not_taken,46.0,vocational
male,80.0,Junior_cycle_terminal_leaver-vocational_school,not_taken,65.0,vocational
male,99.0,Senior_cycle_terminal_leaver-secondary_school,taken,18.0,secondary
male,86.0,Junior_cycle_incomplete-vocational_school,,61.0,vocational
male,116.0,3rd_level_complete,taken,18.0,secondary
male,,Senior_cycle_terminal_leaver-secondary_school,,65.0,secondary
male,,Primary_terminal_leaver,,28.0,primary_terminal_leaver
male,101.0,Junior_cycle_terminal_leaver-secondary_school,not_taken,35.0,secondary
,87.0,Primary_terminal_leaver,not_taken,43.0,primary_terminal_leaver
male,97.0,3rd_level_complete,taken,40.0,secondary
male,120.0,3rd_level_complete,taken,43.0,secondary
male,103.0,Senior_cycle_terminal_leaver-secondary_school,,43.0,secondary
male,107.0,Senior_cycle_terminal_leaver-secondary_school,taken,40.0,secondary
male,105.0,Senior_cycle_incomplete-secondary_school,not_taken,57.0,secondary
male,99.0,Senior_cycle_terminal_leaver-secondary_school,taken,37.0,vocational
male,103.0,Senior_cycle_terminal_leaver-secondary_school,taken,28.0,
male,101.0,Junior_cycle_incomplete-secondary_school,not_taken,28.0,secondary
female,102.0,Junior_cycle_terminal_leaver-secondary_school,not_taken,18.0,secondary
female,,Senior_cycle_terminal_leaver-secondary_school,taken,18.0,vocational
female,,Junior_cycle_incomplete-vocational_school,not_taken,18.0,vocational
,,3rd_level_complete,taken,43.0,secondary
female,90.0,Senior_cycle_terminal_leaver-secondary_school,,42.0,vocational
female,85.0,Senior_cycle_terminal_leaver-secondary_school,taken,43.0,secondary
female,104.0,Senior_cycle_terminal_leaver-secondary_school,taken,18.0,secondary
female,87.0,Senior_cycle_terminal_leaver-secondary_school,taken,18.0,vocational
female,85.0,,,37.0,secondary
female,102.0,,not_taken,42.0,vocational
female,94.0,Junior_cycle_terminal_leaver-secondary_school,not_taken,37.0,secondary
female,93.0,Senior_cycle_terminal_leaver-secondary_school,taken,37.0,secondary
female,99.0,,taken,37.0,secondary
female,103.0,Senior_cycle_terminal_leaver-secondary_school,taken,38.0,
female,89.0,Junior_cycle_terminal_leaver-secondary_school,not_taken,18.0,secondary
female,77.0,Primary_terminal_leaver,not_taken,,primary_terminal_leaver
female,,Junior_cycle_terminal_leaver-vocational_school,not_taken,37.0,vocational
,109.0,Senior_cycle_terminal_leaver-secondary_school,taken,43.0,secondary
female,91.0,Junior_cycle_terminal_leaver-secondary_school,not_taken,18.0,secondary
female,109.0,Senior_cycle_terminal_leaver-secondary_school,taken,58.0,secondary
female,105.0,Junior_cycle_incomplete-secondary_school,not_taken,57.0,secondary
female,,,taken,18.0,secondary
female,90.0,Junior_cycle_terminal_leaver-secondary_school,not_taken,69.0,secondary
female,99.0,3rd_level_complete,taken,69.0,secondary
female,110.0,,taken,37.0,secondary
,88.0,Senior_cycle_terminal_leaver-secondary_school,taken,37.0,
female,101.0,Senior_cycle_terminal_leaver-secondary_school,taken,,secondary
,91.0,Junior_cycle_incomplete-vocational_school,not_taken,18.0,vocational
female,78.0,Senior_cycle_terminal_leaver-secondary_school,taken,18.0,
female,118.0,3rd_level_complete,taken,65.0,secondary
female,100.0,Primary_terminal_leaver,not_taken,28.0,primary_terminal_leaver
,100.0,Junior_cycle_terminal_leaver-vocational_school,not_taken,18.0,vocational
female,85.0,Senior_cycle_terminal_leaver-secondary_school,taken,57.0,secondary
female,106.0,3rd_level_complete,taken,61.0,secondary
female,70.0,Junior_cycle_incomplete-vocational_school,not_taken,,vocational
female,97.0,Junior_cycle_incomplete-vocational_school,not_taken,18.0,vocational
female,86.0,Primary_terminal_leaver,not_taken,,primary_terminal_leaver
female,92.0,Junior_cycle_incomplete-vocational_school,not_taken,18.0,vocational
female,102.0,Primary_terminal_leaver,not_taken,38.0,primary_terminal_leaver
female,86.0,Junior_cycle_incomplete-vocational_school,not_taken,18.0,vocational
female,78.0,Senior_cycle_terminal_leaver-secondary_school,taken,46.0,secondary
female,100.0,Junior_cycle_incomplete-vocational_school,not_taken,18.0,vocational
male,104.0,,taken,61.0,secondary
male,70.0,Junior_cycle_terminal_leaver-secondary_school,not_taken,31.0,secondary
,107.0,Senior_cycle_terminal_leaver-secondary_school,taken,75.0,secondary
male,114.0,Senior_cycle_terminal_leaver-secondary_school,taken,37.0,secondary
male,,Junior_cycle_incomplete-vocational_school,not_taken,,
male,115.0,Junior_cycle_terminal_leaver-secondary_school,not_taken,37.0,secondary
male,106.0,Senior_cycle_terminal_leaver-secondary_school,taken,57.0,secondary
male,114.0,Senior_cycle_terminal_leaver-secondary_school,taken,61.0,secondary
male,,,taken,58.0,secondary
male,103.0,,taken,37.0,secondary
male,92.0,,not_taken,,secondary
male,113.0,,taken,37.0,secondary
male,92.0,Junior_cycle_terminal_leaver-secondary_school,not_taken,,secondary
male,108.0,3rd_level_complete,taken,37.0,secondary
male,96.0,Junior_cycle_incomplete-secondary_school,not_taken,18.0,secondary
male,70.0,Junior_cycle_incomplete-secondary_school,not_taken,18.0,secondary
male,112.0,Senior_cycle_terminal_leaver-secondary_school,taken,75.0,secondary
male,106.0,Senior_cycle_terminal_leaver-secondary_school,taken,28.0,secondary
male,91.0,Senior_cycle_terminal_leaver-secondary_school,taken,37.0,secondary
male,96.0,Junior_cycle_terminal_leaver-vocational_school,not_taken,18.0,vocational
male,70.0,Primary_terminal_leaver,not_taken,18.0,primary_terminal_leaver
male,109.0,Senior_cycle_terminal_leaver-secondary_school,taken,57.0,secondary
male,74.0,Junior_cycle_terminal_leaver-vocational_school,not_taken,,vocational
,99.0,,not_taken,43.0,secondary
male,107.0,Senior_cycle_terminal_leaver-secondary_school,taken,37.0,secondary
male,90.0,Junior_cycle_terminal_leaver-secondary_school,not_taken,37.0,secondary
male,78.0,Junior_cycle_terminal_leaver-vocational_school,not_taken,31.0,vocational
male,70.0,Primary_terminal_leaver,not_taken,,primary_terminal_leaver
male,88.0,Junior_cycle_incomplete-vocational_school,not_taken,58.0,vocational
male,93.0,Junior_cycle_terminal_leaver-vocational_school,not_taken,18.0,vocational
male,88.0,Junior_cycle_incomplete-vocational_school,not_taken,43.0,vocational
male,108.0,Senior_cycle_terminal_leaver-secondary_school,taken,58.0,secondary
male,101.0,3rd_level_complete,taken,57.0,secondary
male,,,not_taken,28.0,
male,103.0,Senior_cycle_terminal_leaver-secondary_school,taken,35.0,secondary
,73.0,Senior_cycle_terminal_leaver-secondary_school,taken,37.0,secondary
male,109.0,?,not_taken,43.0,
,102.0,,not_taken,37.0,vocational
male,93.0,Junior_cycle_incomplete-vocational_school,not_taken,37.0,vocational
male,93.0,Junior_cycle_incomplete-vocational_school,not_taken,18.0,vocational
male,101.0,Senior_cycle_terminal_leaver-secondary_school,taken,61.0,secondary
male,100.0,,not_taken,,
male,70.0,Primary_terminal_leaver,not_taken,31.0,primary_terminal_leaver
,102.0,Junior_cycle_incomplete-vocational_school,not_taken,18.0,
male,113.0,Junior_cycle_terminal_leaver-vocational_school,not_taken,28.0,vocational
male,91.0,,not_taken,37.0,
male,109.0,Junior_cycle_terminal_leaver-secondary_school,not_taken,37.0,secondary
male,80.0,Primary_terminal_leaver,not_taken,58.0,primary_terminal_leaver
male,118.0,Senior_cycle_terminal_leaver-secondary_school,taken,18.0,vocational
male,70.0,Primary_terminal_leaver,not_taken,58.0,primary_terminal_leaver
male,88.0,Junior_cycle_terminal_leaver-vocational_school,not_taken,,
male,72.0,Junior_cycle_terminal_leaver-vocational_school,,37.0,vocational
male,81.0,Senior_cycle_terminal_leaver-secondary_school,taken,58.0,secondary
male,70.0,Junior_cycle_incomplete-vocational_school,not_taken,37.0,vocational
male,,Junior_cycle_incomplete-vocational_school,not_taken,18.0,vocational
male,87.0,Senior_cycle_terminal_leaver-secondary_school,taken,40.0,secondary
male,99.0,,,18.0,vocational
,81.0,Primary_terminal_leaver,not_taken,18.0,primary_terminal_leaver
male,84.0,Junior_cycle_terminal_leaver-vocational_school,,18.0,vocational
male,90.0,Junior_cycle_incomplete-vocational_school,not_taken,58.0,vocational
male,95.0,Senior_cycle_terminal_leaver-secondary_school,taken,37.0,secondary
male,84.0,Junior_cycle_incomplete-vocational_school,not_taken,61.0,vocational
male,104.0,Senior_cycle_incomplete-vocational_school,not_taken,40.0,vocational
male,,Junior_cycle_incomplete-vocational_school,,31.0,
,107.0,,not_taken,,secondary
male,84.0,Junior_cycle_incomplete-vocational_school,not_taken,40.0,vocational
male,108.0,Junior_cycle_terminal_leaver-vocational_school,not_taken,,vocational
male,70.0,Senior_cycle_incomplete-vocational_school,not_taken,18.0,vocational
male,99.0,3rd_level_complete,taken,37.0,secondary
,87.0,Senior_cycle_terminal_leaver-secondary_school,taken,18.0,secondary
male,81.0,Primary_terminal_leaver,not_taken,18.0,primary_terminal_leaver
male,103.0,Senior_cycle_terminal_leaver-secondary_school,taken,,secondary
male,,Senior_cycle_terminal_leaver-secondary_school,taken,37.0,
male,101.0,Senior_cycle_terminal_leaver-secondary_school,taken,35.0,secondary
,,Primary_terminal_leaver,not_taken,58.0,
male,70.0,Junior_cycle_terminal_leaver-vocational_school,not_taken,,vocational
male,109.0,Senior_cycle_terminal_leaver-secondary_school,,,secondary
male,78.0,Senior_cycle_terminal_leaver-secondary_school,taken,,vocational
,70.0,Primary_terminal_leaver,not_taken,,primary_terminal_leaver
male,70.0,Junior_cycle_terminal_leaver-vocational_school,not_taken,58.0,vocational
male,104.0,Senior_cycle_terminal_leaver-secondary_school,taken,37.0,secondary
male,86.0,Primary_terminal_leaver,not_taken,18.0,primary_terminal_leaver
male,,Junior_cycle_terminal_leaver-vocational_school,not_taken,35.0,vocational
male,98.0,Junior_cycle_terminal_leaver-vocational_school,not_taken,58.0,vocational
male,118.0,Junior_cycle_terminal_leaver-vocational_school,not_taken,,vocational
male,76.0,Junior_cycle_incomplete-vocational_school,,,vocational
male,102.0,Junior_cycle_incomplete-secondary_school,not_taken,18.0,secondary
male,106.0,Junior_cycle_terminal_leaver-vocational_school,not_taken,37.0,vocational
male,108.0,,not_taken,35.0,vocational
male,110.0,Senior_cycle_incomplete-vocational_school,not_taken,37.0,vocational
,110.0,Junior_cycle_terminal_leaver-vocational_school,not_taken,37.0,vocational
male,89.0,Senior_cycle_incomplete-vocational_school,not_taken,28.0,vocational
male,83.0,Junior_cycle_terminal_leaver-vocational_school,not_taken,18.0,vocational
male,96.0,Junior_cycle_terminal_leaver-secondary_school,,,secondary
male,113.0,,taken,65.0,secondary
male,95.0,,taken,37.0,secondary
male,108.0,Junior_cycle_terminal_leaver-vocational_school,not_taken,38.0,vocational
male,96.0,Junior_cycle_terminal_leaver-secondary_school,not_taken,28.0,secondary
male,79.0,Senior_cycle_incomplete-secondary_school,not_taken,,secondary
female,99.0,Junior_cycle_terminal_leaver-secondary_school,not_taken,37.0,secondary
female,107.0,,,,secondary
female,94.0,Junior_cycle_incomplete-vocational_school,not_taken,37.0,vocational
female,88.0,Junior_cycle_terminal_leaver-secondary_school,not_taken,37.0,secondary
female,82.0,Junior_cycle_terminal_leaver-secondary_school,not_taken,57.0,secondary
female,100.0,,taken,57.0,secondary
female,102.0,Senior_cycle_terminal_leaver-secondary_school,taken,40.0,secondary
female,,Senior_cycle_terminal_leaver-secondary_school,taken,,secondary
female,111.0,Senior_cycle_terminal_leaver-secondary_school,taken,57.0,secondary
female,94.0,,not_taken,,primary_terminal_leaver
female,94.0,Senior_cycle_terminal_leaver-secondary_school,taken,18.0,
female,93.0,Junior_cycle_terminal_leaver-vocational_school,not_taken,18.0,vocational
female,90.0,Senior_cycle_terminal_leaver-secondary_school,taken,,secondary
female,84.0,Junior_cycle_terminal_leaver-secondary_school,not_taken,18.0,secondary
female,100.0,,not_taken,27.0,vocational
female,106.0,Senior_cycle_terminal_leaver-secondary_school,taken,51.0,secondary
female,114.0,3rd_level_incomplete,taken,57.0,secondary
female,101.0,Senior_cycle_terminal_leaver-secondary_school,taken,,secondary
female,115.0,Senior_cycle_terminal_leaver-secondary_school,taken,43.0,secondary
female,108.0,Senior_cycle_terminal_leaver-secondary_school,taken,58.0,secondary
female,117.0,3rd_level_complete,taken,,secondary
female,110.0,Junior_cycle_terminal_leaver-secondary_school,not_taken,28.0,secondary
female,93.0,Senior_cycle_terminal_leaver-secondary_school,taken,43.0,secondary
female,114.0,3rd_level_complete,taken,,secondary
female,72.0,Primary_terminal_leaver,not_taken,,primary_terminal_leaver
female,,,,,secondary
female,117.0,3rd_level_complete,taken,37.0,secondary
female,102.0,,taken,40.0,secondary
female,84.0,,taken,18.0,secondary
female,94.0,Junior_cycle_incomplete-secondary_school,not_taken,28.0,secondary
female,81.0,Senior_cycle_terminal_leaver-secondary_school,,37.0,secondary
,101.0,Junior_cycle_terminal_leaver-secondary_school,not_taken,18.0,secondary
female,91.0,Senior_cycle_terminal_leaver-secondary_school,taken,37.0,secondary
female,93.0,Senior_cycle_terminal_leaver-secondary_school,taken,38.0,secondary
female,116.0,Senior_cycle_terminal_leaver-secondary_school,taken,18.0,secondary
female,90.0,Senior_cycle_terminal_leaver-secondary_school,taken,57.0,secondary
female,115.0,Senior_cycle_terminal_leaver-secondary_school,,35.0,secondary
female,89.0,,,18.0,primary_terminal_leaver
female,108.0,3rd_level_complete,taken,37.0,secondary
female,100.0,Senior_cycle_terminal_leaver-secondary_school,taken,,secondary
female,86.0,Junior_cycle_terminal_leaver-vocational_school,not_taken,37.0,vocational
female,84.0,Junior_cycle_terminal_leaver-secondary_school,not_taken,37.0,secondary
female,90.0,Junior_cycle_terminal_leaver-vocational_school,not_taken,37.0,vocational
female,103.0,3rd_level_complete,taken,28.0,secondary
female,100.0,Senior_cycle_terminal_leaver-secondary_school,taken,57.0,secondary
female,102.0,Senior_cycle_terminal_leaver-secondary_school,taken,43.0,secondary
female,82.0,Junior_cycle_terminal_leaver-secondary_school,not_taken,35.0,secondary
female,83.0,Junior_cycle_terminal_leaver-secondary_school,,37.0,secondary
female,,Senior_cycle_terminal_leaver-secondary_school,taken,37.0,secondary
female,,3rd_level_complete,taken,57.0,secondary
female,111.0,Senior_cycle_terminal_leaver-secondary_school,taken,,secondary
female,,Senior_cycle_terminal_leaver-secondary_school,taken,,secondary
female,91.0,3rd_level_complete,taken,58.0,
female,97.0,,taken,58.0,secondary
female,109.0,3rd_level_incomplete,taken,43.0,secondary
female,100.0,Junior_cycle_incomplete-secondary_school,not_taken,37.0,secondary
female,98.0,Junior_cycle_terminal_leaver-secondary_school,not_taken,37.0,
female,85.0,Senior_cycle_incomplete-secondary_school,not_taken,35.0,secondary
female,91.0,Primary_terminal_leaver,not_taken,18.0,primary_terminal_leaver
female,85.0,Junior_cycle_terminal_leaver-secondary_school,not_taken,31.0,secondary
female,81.0,Senior_cycle_terminal_leaver-secondary_school,taken,37.0,secondary
female,,Senior_cycle_terminal_leaver-secondary_school,taken,37.0,secondary
female,95.0,3rd_level_complete,,37.0,
female,102.0,Junior_cycle_incomplete-secondary_school,not_taken,37.0,
female,94.0,Primary_terminal_leaver,not_taken,38.0,primary_terminal_leaver
female,89.0,Senior_cycle_incomplete-secondary_school,not_taken,37.0,secondary
female,112.0,Junior_cycle_incomplete-vocational_school,not_taken,37.0,vocational
female,118.0,Senior_cycle_terminal_leaver-secondary_school,,37.0,secondary
female,70.0,Senior_cycle_incomplete-secondary_school,not_taken,37.0,secondary
female,103.0,3rd_level_complete,taken,37.0,secondary
female,90.0,Senior_cycle_terminal_leaver-secondary_school,taken,37.0,secondary
female,97.0,,taken,37.0,secondary
,104.0,,not_taken,37.0,vocational
female,91.0,,not_taken,37.0,vocational
female,94.0,,not_taken,37.0,vocational
female,107.0,Junior_cycle_incomplete-secondary_school,,57.0,secondary
female,,Junior_cycle_incomplete-secondary_school,not_taken,37.0,secondary
female,70.0,Senior_cycle_terminal_leaver-secondary_school,taken,37.0,secondary
female,97.0,Junior_cycle_terminal_leaver-vocational_school,not_taken,,vocational
female,104.0,Junior_cycle_terminal_leaver-secondary_school,not_taken,18.0,secondary
female,,Junior_cycle_terminal_leaver-secondary_school,not_taken,28.0,
female,81.0,Junior_cycle_incomplete-vocational_school,not_taken,18.0,vocational
female,,Senior_cycle_terminal_leaver-secondary_school,taken,28.0,secondary
female,106.0,Junior_cycle_terminal_leaver-vocational_school,not_taken,18.0,vocational
female,105.0,Senior_cycle_terminal_leaver-secondary_school,taken,18.0,secondary
female,92.0,Junior_cycle_incomplete-vocational_school,not_taken,28.0,vocational
female,96.0,Senior_cycle_terminal_leaver-secondary_school,taken,38.0,secondary
female,,Junior_cycle_terminal_leaver-vocational_school,not_taken,18.0,vocational
female,89.0,Junior_cycle_incomplete-vocational_school,not_taken,18.0,vocational
female,111.0,Senior_cycle_terminal_leaver-secondary_school,taken,58.0,secondary
female,102.0,Junior_cycle_terminal_leaver-vocational_school,not_taken,18.0,vocational
female,99.0,Junior_cycle_terminal_leaver-vocational_school,not_taken,37.0,vocational
female,104.0,Junior_cycle_incomplete-secondary_school,,37.0,secondary
female,70.0,Junior_cycle_terminal_leaver-vocational_school,not_taken,31.0,vocational
female,70.0,Junior_cycle_terminal_leaver-vocational_school,not_taken,35.0,vocational
female,90.0,Junior_cycle_incomplete-vocational_school,not_taken,18.0,vocational
female,104.0,Senior_cycle_terminal_leaver-secondary_school,,18.0,secondary
female,102.0,Senior_cycle_terminal_leaver-secondary_school,taken,37.0,secondary
female,86.0,Senior_cycle_terminal_leaver-secondary_school,taken,37.0,secondary
female,73.0,Senior_cycle_terminal_leaver-secondary_school,taken,35.0,
female,,Junior_cycle_terminal_leaver-secondary_school,not_taken,37.0,secondary
female,93.0,Senior_cycle_terminal_leaver-secondary_school,taken,57.0,secondary
female,111.0,Senior_cycle_incomplete-secondary_school,not_taken,37.0,secondary
female,104.0,Junior_cycle_incomplete-secondary_school,not_taken,18.0,secondary
female,105.0,Junior_cycle_terminal_leaver-secondary_school,not_taken,,secondary
,73.0,Junior_cycle_terminal_leaver-secondary_school,not_taken,37.0,secondary
female,85.0,Senior_cycle_terminal_leaver-secondary_school,taken,28.0,secondary
female,107.0,3rd_level_complete,taken,61.0,secondary
female,112.0,3rd_level_complete,taken,62.0,secondary
male,127.0,3rd_level_complete,taken,40.0,secondary
male,,Junior_cycle_terminal_leaver-secondary_school,not_taken,66.0,secondary
male,114.0,Senior_cycle_terminal_leaver-secondary_school,taken,71.0,secondary
male,109.0,,not_taken,18.0,vocational
male,93.0,Senior_cycle_terminal_leaver-secondary_school,taken,51.0,secondary
female,114.0,,taken,40.0,secondary
female,100.0,Senior_cycle_terminal_leaver-secondary_school,taken,31.0,secondary
female,92.0,Junior_cycle_incomplete-secondary_school,not_taken,18.0,secondary
female,110.0,Senior_cycle_terminal_leaver-secondary_school,taken,61.0,secondary
female,93.0,Junior_cycle_terminal_leaver-vocational_school,not_taken,37.0,vocational
female,,Junior_cycle_incomplete-vocational_school,,43.0,vocational
male,120.0,?,not_taken,75.0,secondary
male,114.0,3rd_level_complete,taken,75.0,secondary
male,,3rd_level_complete,taken,40.0,secondary
male,106.0,Senior_cycle_terminal_leaver-secondary_school,taken,75.0,secondary
male,110.0,Senior_cycle_terminal_leaver-secondary_school,taken,53.0,secondary
male,92.0,Senior_cycle_incomplete-vocational_school,not_taken,,vocational
male,125.0,,taken,71.0,secondary
male,108.0,,taken,71.0,secondary
female,112.0,Senior_cycle_terminal_leaver-secondary_school,taken,18.0,secondary
female,93.0,Senior_cycle_terminal_leaver-secondary_school,taken,69.0,secondary
female,114.0,Senior_cycle_terminal_leaver-secondary_school,taken,,secondary
female,104.0,Senior_cycle_terminal_leaver-secondary_school,taken,18.0,secondary
female,92.0,Senior_cycle_terminal_leaver-secondary_school,taken,75.0,secondary
female,104.0,Junior_cycle_terminal_leaver-secondary_school,not_taken,43.0,secondary
female,109.0,Senior_cycle_terminal_leaver-secondary_school,taken,71.0,secondary
female,109.0,3rd_level_complete,taken,40.0,
,104.0,Junior_cycle_terminal_leaver-secondary_school,,18.0,secondary
male,123.0,Senior_cycle_incomplete-vocational_school,not_taken,36.0,vocational
male,125.0,3rd_level_complete,taken,31.0,secondary
,,3rd_level_complete,taken,37.0,secondary
male,,3rd_level_complete,,43.0,secondary
male,119.0,3rd_level_incomplete,taken,69.0,secondary
male,125.0,Junior_cycle_terminal_leaver-vocational_school,not_taken,,vocational
male,121.0,,taken,37.0,secondary
male,124.0,Senior_cycle_terminal_leaver-secondary_school,taken,36.0,secondary
male,125.0,Senior_cycle_terminal_leaver-secondary_school,taken,18.0,secondary
,,Junior_cycle_terminal_leaver-secondary_school,not_taken,18.0,secondary
male,122.0,Senior_cycle_terminal_leaver-secondary_school,taken,62.0,secondary
,121.0,3rd_level_incomplete,taken,,secondary
male,,3rd_level_incomplete,taken,,secondary
male,122.0,Senior_cycle_terminal_leaver-secondary_school,taken,40.0,secondary
male,126.0,Junior_cycle_terminal_leaver-vocational_school,not_taken,51.0,vocational
,122.0,3rd_level_complete,taken,,secondary
male,,Senior_cycle_terminal_leaver-secondary_school,taken,,
male,,3rd_level_complete,taken,71.0,secondary
female,120.0,3rd_level_complete,taken,40.0,secondary
female,127.0,Junior_cycle_incomplete-vocational_school,not_taken,,vocational
female,127.0,,taken,62.0,secondary
female,120.0,Senior_cycle_terminal_leaver-secondary_school,taken,61.0,secondary
female,127.0,Senior_cycle_terminal_leaver-secondary_school,taken,58.0,secondary
female,123.0,Senior_cycle_terminal_leaver-secondary_school,taken,37.0,secondary
female,120.0,,taken,37.0,secondary
female,123.0,Senior_cycle_terminal_leaver-secondary_school,taken,37.0,secondary
female,122.0,Junior_cycle_terminal_leaver-vocational_school,not_taken,18.0,vocational
female,119.0,,taken,37.0,secondary
male,,Senior_cycle_incomplete-vocational_school,not_taken,,vocational
male,134.0,3rd_level_incomplete,taken,62.0,secondary
,136.0,3rd_level_complete,taken,61.0,secondary
,135.0,3rd_level_complete,taken,61.0,secondary
male,140.0,3rd_level_complete,taken,71.0,secondary
male,131.0,Senior_cycle_terminal_leaver-secondary_school,taken,30.0,secondary
,137.0,,taken,62.0,secondary
male,136.0,,taken,18.0,secondary
male,132.0,3rd_level_complete,taken,37.0,
female,135.0,3rd_level_complete,taken,62.0,secondary
female,134.0,,taken,,secondary
